{"cameraMode":{"drawMode":0,"name":"Shaded","section":"Shading Mode"},"sceneLighting":true,"audioPlay":false,"sceneViewState":{"showFog":false,"showMaterialUpdate":false,"showSkybox":false,"showFlares":false,"showImageEffects":false,"showParticleSystems":false},"in2DMode":false,"pivot":{"x":41.50093460083008,"y":3.2101781368255617,"z":449.73138427734377},"rotation":{"x":0.0020816398318856956,"y":-0.1173548474907875,"z":-0.00024494159151799977,"w":-0.9930878281593323},"size":6.9960551261901859,"orthographic":false}