{"cameraMode":{"drawMode":0,"name":"Shaded","section":"Shading Mode"},"sceneLighting":true,"audioPlay":false,"sceneViewState":{"showFog":false,"showMaterialUpdate":false,"showSkybox":false,"showFlares":false,"showImageEffects":false,"showParticleSystems":false},"in2DMode":false,"pivot":{"x":42.47981262207031,"y":3.640622854232788,"z":475.0400390625},"rotation":{"x":-0.2178955227136612,"y":0.3095513582229614,"z":-0.07310012727975846,"w":-0.9226894974708557},"size":2.1031582355499269,"orthographic":false}