{"cameraMode":{"drawMode":0,"name":"Shaded","section":"Shading Mode"},"sceneLighting":false,"audioPlay":false,"sceneViewState":{"showFog":false,"showMaterialUpdate":false,"showSkybox":false,"showFlares":false,"showImageEffects":false,"showParticleSystems":false},"in2DMode":false,"pivot":{"x":-0.00040262937545776367,"y":0.423378586769104,"z":0.023658066987991334},"rotation":{"x":0.002216305350884795,"y":0.9419657588005066,"z":0.006219428963959217,"w":-0.3356441259384155},"size":1.7278079986572266,"orthographic":false}