{"cameraMode":{"drawMode":0,"name":"Shaded","section":"Shading Mode"},"sceneLighting":false,"audioPlay":false,"sceneViewState":{"showFog":false,"showMaterialUpdate":false,"showSkybox":false,"showFlares":false,"showImageEffects":false,"showParticleSystems":false},"in2DMode":false,"pivot":{"x":-7.506127834320068,"y":0.7208378314971924,"z":1.5774832963943482},"rotation":{"x":-0.07959595322608948,"y":-0.7232673168182373,"z":0.08456980437040329,"w":-0.6807326078414917},"size":2.103147506713867,"orthographic":false}