{"cameraMode":{"drawMode":0,"name":"Shaded","section":"Shading Mode"},"sceneLighting":true,"audioPlay":false,"sceneViewState":{"showFog":false,"showMaterialUpdate":false,"showSkybox":false,"showFlares":false,"showImageEffects":false,"showParticleSystems":false},"in2DMode":false,"pivot":{"x":-5.805246829986572,"y":-0.45718032121658327,"z":3.818880796432495},"rotation":{"x":-0.033109769225120547,"y":0.9616334438323975,"z":-0.1344355046749115,"w":-0.23683740198612214},"size":22.0,"orthographic":false}