{"cameraMode":{"drawMode":0,"name":"Shaded","section":"Shading Mode"},"sceneLighting":true,"audioPlay":false,"sceneViewState":{"showFog":false,"showMaterialUpdate":false,"showSkybox":false,"showFlares":false,"showImageEffects":false,"showParticleSystems":false},"in2DMode":false,"pivot":{"x":40.689998626708987,"y":1.8799999952316285,"z":447.6499938964844},"rotation":{"x":0.020465120673179628,"y":0.9614419341087341,"z":-0.26391682028770449,"w":0.07455515116453171},"size":21.010000228881837,"orthographic":false}