{"cameraMode":{"drawMode":0,"name":"Shaded","section":"Shading Mode"},"sceneLighting":false,"audioPlay":false,"sceneViewState":{"showFog":false,"showMaterialUpdate":false,"showSkybox":false,"showFlares":false,"showImageEffects":false,"showParticleSystems":false},"in2DMode":false,"pivot":{"x":0.000013440847396850586,"y":0.4348609149456024,"z":0.021777138113975526},"rotation":{"x":0.00015782116679474711,"y":0.9913790822029114,"z":-0.13101957738399507,"w":0.0011929046595469118},"size":1.7591325044631959,"orthographic":false}