{"cameraMode":{"drawMode":0,"name":"Shaded","section":"Shading Mode"},"sceneLighting":true,"audioPlay":false,"sceneViewState":{"showFog":false,"showMaterialUpdate":false,"showSkybox":false,"showFlares":false,"showImageEffects":false,"showParticleSystems":false},"in2DMode":false,"pivot":{"x":52.7056770324707,"y":3.4717118740081789,"z":-17.641693115234376},"rotation":{"x":-0.15292146801948548,"y":0.5582005381584168,"z":-0.10556083172559738,"w":-0.8086310625076294},"size":2.2772510051727297,"orthographic":false}