{"cameraMode":{"drawMode":0,"name":"Shaded","section":"Shading Mode"},"sceneLighting":true,"audioPlay":false,"sceneViewState":{"showFog":false,"showMaterialUpdate":false,"showSkybox":false,"showFlares":false,"showImageEffects":false,"showParticleSystems":false},"in2DMode":false,"pivot":{"x":7.6540846824646,"y":3.89007568359375,"z":-8.117464065551758},"rotation":{"x":-0.2242981344461441,"y":0.212269127368927,"z":-0.05012674629688263,"w":-0.9497997164726257},"size":13.067283630371094,"orthographic":false}