{"cameraMode":{"drawMode":0,"name":"Shaded","section":"Shading Mode"},"sceneLighting":true,"audioPlay":false,"sceneViewState":{"showFog":false,"showMaterialUpdate":false,"showSkybox":false,"showFlares":false,"showImageEffects":false,"showParticleSystems":false},"in2DMode":false,"pivot":{"x":40.88228988647461,"y":1.2904713153839112,"z":448.5578918457031},"rotation":{"x":0.03389325365424156,"y":0.011398387141525746,"z":-0.0003869681095238775,"w":0.9993604421615601},"size":3.5052297115325929,"orthographic":false}